x1,y,Model_1_Y_pred,Model_2_Y_pred,Model_3_Y_pred,Model_4_Y_pred,Model_5_Y_pred,Model_6_Y_pred,Model_7_Y_pred,Model_1_Residuals,Model_2_Residuals,Model_3_Residuals,Model_4_Residuals,Model_5_Residuals,Model_6_Residuals,Model_7_Residuals
75.5814,437550.6645362314,75.5814,5712.54802596,431762.3773692931,437474.9253952532,437550.5067952532,437550.5437746531,437550.5699087601,437475.08313623135,431838.1165102714,5788.287166938244,75.73914097819943,0.1577409781748429,0.12076157826231793,0.0946274712914601
19.6798,8029.042843180661,19.6798,387.29452804,7621.878852921592,8009.173380961592,8028.8531809615915,8028.890160361592,8028.916294468465,8009.363043180661,7641.748315140661,407.1639902590696,19.869462219069646,0.18966221906975989,0.15268281906901393,0.12654871219638153
14.3172,3153.696332214467,14.3172,204.98221583999998,2934.771380624448,3139.753596464448,3154.070796464448,3154.107775864448,3154.13390997132,3139.379132214467,2948.7141163744673,218.9249515900192,13.942735750018983,0.3744642499809743,0.41144364998081073,0.4375777568529884
7.2173,435.3822464670709,7.2173,52.089419289999995,375.94496584171696,428.034385131717,435.251685131717,435.28866453171696,435.3147986385895,428.1649464670709,383.2928271770709,59.437280625353935,7.347861335353912,0.1305613353538888,0.09358193535393866,0.06744782848141995
42.5692,78995.74221320832,42.5692,1812.13678864,77141.21338297389,78953.35017161389,78995.91937161388,78995.95635101388,78995.98248512077,78953.17301320832,77183.60542456832,1854.528830234427,42.39204159443034,0.1771584055677522,0.21413780556758866,0.240271912451135
2.02,14.002465581934816,2.02,4.0804,8.242408,12.322808000000002,14.342808000000002,14.379787399999998,14.405921506872508,11.982465581934816,9.922065581934817,5.7600575819348165,1.6796575819348138,0.3403424180651857,0.37732181806518206,0.4034559249376919
5.516,203.77187595009684,5.516,30.426256,167.831228096,198.257484096,203.773484096,203.81046349599998,203.83659760287247,198.25587595009685,173.34561995009685,35.94064785409685,5.514391854096829,0.0016081459031624945,0.03858754590314106,0.06472165277563136
45.6296,97131.25935318902,45.6296,2082.0603961600004,95003.58305262236,97085.64344878237,97131.27304878237,97131.31002818236,97131.33616228923,97085.62975318902,95049.19895702902,2127.676300566658,45.615904406644404,0.013695593355805613,0.05067499334109016,0.07680910021008458
90.2516,743366.598459359,90.2516,8145.35130256,735130.987618124,743276.3389206841,743366.590520684,743366.6275000839,743366.6536341908,743276.3468593591,735221.2471567991,8235.61084123503,90.25953867495991,0.007938675000332296,0.02904072485398501,0.05517483176663518
64.6461,274407.53355835297,64.6461,4179.11824521,270163.6959916702,274342.8142368802,274407.46033688023,274407.49731628015,274407.5234503871,274342.88745835295,270228.415313143,4243.837566682778,64.71932147274492,0.0732214727322571,0.03624207281973213,0.0101079658488743
70.5744,356564.2790927503,70.5744,4980.74593536,351513.15594047075,356493.9018758308,356564.47627583076,356564.51325523073,356564.53938933765,356493.7046927503,351583.53315739025,5051.123152279528,70.37721691949992,0.19718308048322797,0.2341624804539606,0.26029658736661077
88.9759,712402.4689211716,88.9759,7916.710780809999,704396.4667622724,712313.1775430824,712402.1534430824,712402.1904224823,712402.2165565892,712313.4930211717,704485.7581403616,8006.0021588992095,89.29137808922678,0.31547808926552534,0.2784986892947927,0.25236458238214254
4.3128,103.22549622057616,4.3128,18.60024384,80.219131633152,98.81937547315201,103.132175473152,103.16915487315201,103.19528898002453,98.91269622057617,84.62525238057616,23.00636458742416,4.406120747424154,0.09332074742415841,0.05634134742415142,0.030207240551632708
5.5565,208.3326491826808,5.5565,30.87469225,171.555227487125,202.42991973712498,207.98641973712498,208.023399137125,208.04953324399747,202.7761491826808,177.4579569326808,36.7774216955558,5.902729445555821,0.3462294455558208,0.3092500455557854,0.2831159386833235
22.5002,11919.505591369152,22.5002,506.25900004,11390.928752700007,11897.187752740008,11919.687952740009,11919.724932140007,11919.75106624688,11897.005391369152,11413.246591329153,528.5768386691452,22.317838629143807,0.1823613708565972,0.21934077085461468,0.24547487772724708
78.2975,486211.2230063313,78.2975,6130.49850625,480002.70679310936,486133.20529935934,486211.5027993593,486211.5397787593,486211.5659128662,486132.9255063313,480080.7245000813,6208.516213221941,78.0177069719648,0.2797930280212313,0.3167724279919639,0.3429065349046141
45.89,98791.55978563862,45.89,2105.8921,96639.388469,98745.280569,98791.170569,98791.2075484,98791.23368250686,98745.66978563862,96685.66768563862,2152.171316638618,46.27921663862071,0.3892166386212921,0.3522372386214556,0.3261031317524612
12.3782,2062.768617502443,12.3782,153.21983523999998,1896.5857645677677,2049.8055998077675,2062.1837998077676,2062.2207792077675,2062.2469133146406,2050.3904175024427,1909.5487822624427,166.1828529346751,12.963017694675273,0.5848176946751664,0.54783829467533,0.5217041878022428
31.8052,33216.72785672753,31.8052,1011.5707470399999,32173.209923756604,33184.7806707966,33216.5858707966,33216.6228501966,33216.64898430349,33184.922656727525,32205.157109687527,1043.5179329709244,31.947185930926935,0.14198593092442024,0.10500653092458379,0.07887242404103745
34.6749,42928.52277029138,34.6749,1202.3486900100002,41691.320591227755,42893.66928123775,42928.34418123775,42928.38116063776,42928.40729474463,42893.847870291385,41726.17408028138,1237.2021790636281,34.853489053632075,0.17858905363391386,0.14160965362680145,0.11547554675053107
86.1707,647362.6504137091,86.1707,7425.38953849,639851.0143043601,647276.4038428501,647362.5745428501,647362.6115222501,647362.637656357,647276.4797137091,639937.2608752191,7511.636109348969,86.24657085898798,0.07587085897102952,0.03889145900029689,0.012757352087646723
14.3058,3146.561394423559,14.3058,204.65591364,2927.7665693511117,3132.422482991112,3146.728282991112,3146.7652623911117,3146.7913964979844,3132.2555944235587,2941.9054807835587,218.7948250724471,14.138911432447003,0.16688856755308734,0.2038679675529238,0.2300020744255562
98.3028,959704.8742089306,98.3028,9663.44048784,949943.257588038,959606.698075878,959705.0008758779,959705.0378552779,959705.0639893849,959606.5714089307,950041.4337210907,9761.616620892659,98.17613305267878,0.12666694726794958,0.1636463472386822,0.1897804542677477
34.6438,42814.18929225037,34.6438,1200.19287844,41579.24204209967,42779.43492053967,42814.07872053967,42814.11569993967,42814.14183404654,42779.54549225037,41613.99641381037,1234.947250150697,34.75437171069643,0.11057171069842298,0.07359231069858652,0.047458203829592094
67.4807,311904.5118035416,67.4807,4553.64487249,307283.1435470359,311836.78841952595,311904.26911952597,311904.30609892594,311904.33223303285,311837.0311035416,307350.8669310516,4621.368256505695,67.72338401566958,0.24268401565495878,0.20570461568422616,0.179570508771576
36.9751,51955.22456269657,36.9751,1367.1580200099997,50550.80450567174,51917.962525681745,51954.93762568175,51954.97460508174,51955.00073918862,51918.24946269656,50588.06654268657,1404.4200570248286,37.262037014821544,0.28693701481824974,0.24995761482568923,0.22382350794941885
53.5259,156271.73772020402,53.5259,2865.02197081,153352.87950737897,156217.901478189,156271.427378189,156271.46435758896,156271.49049169585,156218.21182020401,153406.71574939403,2918.8582128250564,53.83624201503699,0.31034201502916403,0.2733626150584314,0.24722850817488506
83.8724,597125.6008264298,83.8724,7034.57948176,590007.0641259674,597041.6436077274,597125.5160077274,597125.5529871274,597125.5791212344,597041.7284264298,590091.0213446697,7118.53670046234,83.95721870241687,0.08481870242394507,0.04783930233679712,0.02170519542414695
22.526,11959.940744824256,22.526,507.420676,11430.158147576,11937.578823576001,11960.104823576,11960.141802975999,11960.167937082872,11937.414744824257,11452.520068824257,529.7825972482569,22.361921248255385,0.16407875174445508,0.20105815174247255,0.22719225861510495
43.3868,83598.05770682839,43.3868,1882.41441424,81671.93770774803,83554.35212198803,83597.73892198803,83597.77590138803,83597.8020354949,83554.6709068284,81715.64329258839,1926.119999080358,43.70558484035428,0.3187848403613316,0.28180544036149513,0.2556713334925007
30.9661,30683.082776538064,30.9661,958.8993492100001,29693.373137571783,30652.272486781785,30683.238586781787,30683.275566181786,30683.30170028866,30652.116676538062,29724.183427328062,989.7096389662802,30.810289756278507,0.1558102437229536,0.19278964372279006,0.21892375059542246
46.7484,104396.51928977392,46.7484,2185.4129025599996,102164.55653403587,104349.96943659587,104396.71783659587,104396.75481599587,104396.78095010275,104349.77088977392,102211.10638721392,2231.9627557380445,46.54985317804676,0.1985468219500035,0.23552622194983996,0.2616603288333863
79.3125,505283.03086794313,79.3125,6290.47265625,498913.1125488281,505203.5852050781,505282.8977050781,505282.9346844781,505282.960818585,505203.71836794313,498992.55821169313,6369.918319115008,79.44566286500776,0.13316286500776187,0.09618346503702924,0.07004935812437907
10.8581,1408.9328973012364,10.8581,117.89833561,1280.151917886941,1398.0502534969412,1408.9083534969411,1408.9453328969407,1408.9714670038136,1398.0747973012365,1291.0345616912364,128.78097941429542,10.882643804295185,0.024543804295262817,0.01243559570434627,0.038569702577206044
94.5325,853810.6559160514,94.5325,8936.39355625,844779.623856203,853716.017412453,853810.5499124529,853810.586891853,853810.6130259599,853716.1234160514,844874.2623598013,9031.032059848309,94.63850359839853,0.10600359842646867,0.06902419833932072,0.04289009142667055
38.4016,58143.45882272628,38.4016,1474.68288256,56630.1821829161,58104.8650654761,58143.2666654761,58143.3036448761,58143.32977898298,58105.05722272628,56668.77594016628,1513.2766398101812,38.593757250178896,0.19215725018148078,0.15517785018164432,0.12904374329809798
87.81,684866.0659440077,87.81,7710.596100000001,677067.4435410001,684778.0396410001,684865.8496410002,684865.8866204001,684865.9127545069,684778.2559440077,677155.4698440077,7798.622403007583,88.02630300761666,0.21630300756078213,0.1793236075900495,0.15318950079381466
8.1368,613.140675011557,8.1368,66.20751423999998,538.7173018680318,604.9248161080317,613.0616161080317,613.0985955080317,613.1247296149044,605.003875011557,546.933160771557,74.42337314352528,8.215858903525373,0.07905890352537881,0.042079503525314976,0.015945396652682575
5.1538,168.4836248502165,5.1538,26.561654440000005,136.89345465287204,163.45510909287205,168.60890909287204,168.64588849287205,168.67202259974454,163.3298248502165,141.9219704102165,31.590170197344463,5.028515757344451,0.12528424265553895,0.16226364265554594,0.18839774952803623
91.4525,773323.2041694587,91.4525,8363.55975625,764868.4486084532,773232.0083647032,773323.4608647032,773323.4978441031,773323.52397821,773231.7516694587,764959.6444132087,8454.755561005557,91.19580475555267,0.256695244461298,0.2936746444320306,0.3198087513446808
70.2368,351496.2357750041,70.2368,4933.20807424,346492.7488687801,351425.95694302005,351496.19374302006,351496.2307224201,351496.256856527,351425.99897500407,346563.02770076407,5003.486906223989,70.27883198403288,0.04203198401955888,0.0050525839906185865,0.02108152292203158
77.5447,472381.0117521751,77.5447,6013.180498090001,466290.2777702397,472303.45826832973,472381.00296832976,472381.0399477297,472381.06608183665,472303.4670521751,466367.8312540851,6090.733981935424,77.55348384537501,0.008783845347352326,0.028195554565172642,0.05432966153603047
12.4581,2100.915545979162,12.4581,155.20425561,1933.550136814941,2088.7543924249408,2101.2124924249406,2101.249471824941,2101.275605931813,2088.457445979162,1945.7112903691618,167.36540916422086,12.161153554221073,0.29694644577875806,0.33392584577904927,0.3600599526512269
37.2291,53022.57516370504,37.2291,1386.0058868100002,51599.75176063818,52985.75764744818,53022.98674744818,53023.02372684818,53023.049860955056,52985.346063705045,51636.56927689504,1422.823403066861,36.81751625685865,0.4115837431381806,0.44856314313801704,0.4746972500142874
65.1973,281449.090892329,65.1973,4250.68792729,277133.3760019043,281384.0639291943,281449.2612291943,281449.29820859426,281449.3243427012,281383.893592329,277198.402965039,4315.714890424686,65.02696313470369,0.1703368652961217,0.20731626526685432,0.23345037217950448
26.3301,18973.90933824997,26.3301,693.27416601,18253.978118459905,18947.252284469905,18973.582384469904,18973.619363869904,18973.645497976777,18947.57923824997,18280.63517223997,719.9312197900654,26.657053780065326,0.32695378006610554,0.2899743800662691,0.2638402731936367
75.3772,434028.9614040666,75.3772,5681.722279840001,428272.31663195573,433954.0389117957,434029.4161117957,434029.45309119567,434029.4792253025,433953.5842040666,428347.2391242266,5756.644772110856,74.92249227088178,0.4547077291063033,0.49168712907703593,0.5178212359314784
24.005,14433.136201491912,24.005,576.240025,13832.641800124999,14408.881825124998,14432.886825124997,14432.923804524997,14432.94993863187,14409.131201491913,13856.896176491913,600.4944013669137,24.254376366914585,0.249376366915385,0.21239696691554855,0.18626286004291615
4.2033,96.80071466448037,4.2033,17.667730889999998,74.26277324993698,91.93050413993697,96.13380413993697,96.17078353993699,96.1969176468095,92.59741466448037,79.13298377448037,22.537941414543383,4.8702105245433955,0.6669105245433968,0.6299311245433756,0.6037970176708711
4.2216,97.3939876611143,4.2216,17.821906559999995,75.23696073369597,93.05886729369597,97.28046729369596,97.31744669369596,97.34358080056849,93.1723876611143,79.57208110111429,22.15702692741833,4.335120367418327,0.1135203674183316,0.07654096741833882,0.0504068605458059
17.5071,5690.035649559934,17.5071,306.49855041000006,5365.9007718829125,5672.399322292912,5689.906422292912,5689.9434016929135,5689.969535799785,5672.528549559935,5383.537099149934,324.1348776770219,17.636327267022352,0.12922726702254295,0.0922478670208875,0.06611376014916459
99.1975,986056.7952116068,99.1975,9840.14400625,976117.6850599844,985957.8290662345,986057.0265662345,986057.0635456344,986057.0896797414,985957.5977116068,976216.6512053568,9939.110151622328,98.96614537225105,0.23135462775826454,0.26833402761258185,0.29446813464164734
15.3909,3898.36915284389,15.3909,236.87980281,3645.793357068429,3882.673159878429,3898.064059878429,3898.1010392784287,3898.1271733853014,3882.97825284389,3661.48935003389,252.57579577546085,15.695992965460846,0.30509296546097175,0.2681135654611353,0.2419794585885029
45.649,97254.41913296629,45.649,2083.831201,95124.810494449,97208.641695449,97254.290695449,97254.327674849,97254.35380895587,97208.77013296628,95170.58793196629,2129.608638517282,45.77743751728849,0.12843751728360076,0.0914581172837643,0.06532401041476987
42.355,77818.8329331216,42.355,1793.9460249999997,75982.58388887499,77776.52991387498,77818.88491387498,77818.92189327498,77818.94802738185,77776.4779331216,76024.8869081216,1836.2490442466078,42.30301924661035,0.05198075338557828,0.08896015338541474,0.11509426025440916
37.2432,53082.62369861971,37.2432,1387.0559462400001,51658.402017005574,53045.45796324557,53082.70116324557,53082.73814264557,53082.764276752445,53045.380498619714,51695.56775237971,1424.2216816141372,37.16573537413933,0.07746462585782865,0.11444402585766511,0.1405781327339355
99.0439,981499.1173618484,99.0439,9809.69412721,971590.3641659744,981400.0582931845,981499.1021931845,981499.1391725844,981499.1653066912,981400.0734618483,971689.4232346384,9908.753195873927,99.05906866386067,0.015168663812801242,0.021810736041516066,0.04794484283775091
84.4945,610457.1366139075,84.4945,7139.32053025,603233.3185432086,610372.6390734586,610457.1335734586,610457.1705528586,610457.1966869655,610372.6421139075,603317.8160836576,7223.818070698879,84.4975404489087,0.003040448878891766,0.03393895109184086,0.06007305800449103
35.1702,44775.95767323166,35.1702,1236.94296804,43503.53157456041,44740.474542600416,44775.644742600416,44775.68172200041,44775.707856107285,44740.787473231656,43539.01470519166,1272.426098671247,35.48313063124078,0.31293063124030596,0.27595123124774545,0.24981712437147507
81.2171,542403.0456563523,81.2171,6596.21733241,535725.6427080763,542321.8600404862,542403.0771404862,542403.1141198863,542403.1402539932,542321.8285563523,535806.8283239423,6677.402948276023,81.18561586609576,0.03148413391318172,0.06846353400032967,0.09459764091297984
80.0118,518708.2115343445,80.0118,6401.888139239999,512226.5934192429,518628.4815584829,518708.4933584829,518708.5303378828,518708.5564719898,518628.1997343445,512306.3233951045,6481.618115101592,79.72997586155543,0.2818241384229623,0.31880353833548725,0.3449376453063451
48.8775,119206.84133979055,48.8775,2389.0100062499996,116768.83658048435,119157.84658673435,119206.72408673435,119206.76106613435,119206.78720024123,119157.96383979055,116817.83133354055,2438.0047593062045,48.99475305620581,0.11725305620348081,0.08027365620364435,0.05413954932009801
7.2184,435.53018159190094,7.2184,52.10529856,376.116887125504,428.22218568550403,435.440585685504,435.47756508550395,435.5036991923765,428.31178159190097,383.42488303190095,59.41329446639696,7.307995906396911,0.08959590639693715,0.052616506396987006,0.026482399524468292
95.0845,868801.2474816276,95.0845,9041.062140250002,859664.8730746014,868705.9352148514,868801.0197148514,868801.0566942514,868801.0828283582,868706.1629816276,859760.1853413776,9136.374407026218,95.3122667762218,0.2277667762245983,0.19078737625386566,0.1646532694576308
63.5364,260589.25126175472,63.5364,4036.8741249600002,256488.44915310855,260525.3232780686,260588.8596780686,260588.89665746858,260588.92279157546,260525.7148617547,256552.3771367947,4100.802108646167,63.92798368612421,0.3915836861124262,0.3546042861416936,0.32847017925814725
56.5688,184278.3538125205,56.5688,3200.0291334400004,181021.8080437407,184221.8371771807,184278.40597718072,184278.4429565807,184278.46909068758,184221.7850125205,181078.3246790805,3256.545768779819,56.51663533979445,0.05216466021374799,0.08914406018448062,0.11527816706802696
4.3491,105.66962257657504,4.3491,18.91467081,82.261794819771,101.176465629771,105.525565629771,105.56254502977102,105.5886791366435,101.32052257657503,86.75495176657503,23.40782775680404,4.493156946804035,0.14405694680404224,0.10707754680402104,0.08094343993153075
94.9182,864266.5613096827,94.9182,9009.46469124,855162.1714560565,864171.6361472966,864266.5543472966,864266.5913266964,864266.6174608034,864171.6431096827,855257.0966184427,9104.38985362614,94.92516238603275,0.006962386076338589,0.03001701377797872,0.056151120690628886
59.8057,217544.99814894516,59.8057,3576.72175249,213908.34811289122,217485.0698653812,217544.8755653812,217544.91254478123,217544.9386788881,217485.19244894516,213968.27639645516,3636.6500360539358,59.928283563960576,0.12258356396341696,0.08560416393447667,0.059470057050930336
58.8968,207830.8036006713,58.8968,3468.83305024,204303.16639337523,207771.99944361523,207830.89624361522,207830.93322301522,207830.9593571221,207771.9068006713,204361.9705504313,3527.6372072960658,58.80415705605992,0.09264294392778538,0.12962234392762184,0.15575645081116818
19.7427,8104.278144219918,19.7427,389.77420328999995,7695.1951632934815,8084.969366583482,8104.712066583482,8104.749045983482,8104.775180090354,8084.535444219919,7714.503940929919,409.0829809264369,19.30877763643639,0.4339223635633971,0.47090176356323354,0.49703587043586595
93.8143,834566.2548486479,93.8143,8801.12288449,825671.1826224102,834472.3055069002,834566.1198069002,834566.1567863001,834566.182920407,834472.4405486479,825765.1319641579,8895.072226237622,93.94934174767695,0.13504174770787358,0.09806234773714095,0.07192824082449079
88.7027,705884.2271732775,88.7027,7868.168987289999,697927.8332288886,705796.0022161785,705884.7049161785,705884.7418955786,705884.7680296855,705795.5244732775,698016.0581859875,7956.393944388954,88.22495709906798,0.47774290095549077,0.5147223010426387,0.5408564079552889
5.9264,249.16434362047855,5.9264,35.12221696,208.14830659174402,243.27052355174402,249.19692355174402,249.23390295174403,249.26003705861652,243.23794362047855,214.04212666047854,41.01603702873453,5.893820068734527,0.03257993126547376,0.06955933126548075,0.09569343813797104
79.7498,513650.67995348055,79.7498,6360.030600039999,507211.1683470698,513571.1989471098,513650.9487471098,513650.98572650977,513651.01186061674,513570.93015348056,507290.64935344056,6439.511606410728,79.48100637074094,0.26879362924955785,0.3057730292202905,0.3319071361911483
14.9869,3606.078532219766,14.9869,224.60717161000002,3366.1652202019095,3590.772391811909,3605.759291811909,3605.7962712119092,3605.8224053187814,3591.0916322197663,3381.471360609766,239.9133120178567,15.306140407857129,0.31924040785725083,0.2822610078569596,0.25612690098478197
99.8099,1004369.6747541107,99.8099,9962.01613801,994307.8345331643,1004269.8506711742,1004369.6605711742,1004369.6975505742,1004369.7236846811,1004269.8648541108,994407.6586161008,10061.84022094647,99.82408293650951,0.014182936516590416,0.022796463454142213,0.04893057036679238
19.4471,7752.824181230993,19.4471,378.18969840999995,7354.692883949109,7732.882582359109,7752.329682359109,7752.366661759111,7752.392795865983,7733.377081230993,7374.634482820993,398.13129728188414,19.941598871884707,0.4944988718843888,0.45751947188273334,0.43138536501010094
86.7717,660949.3169099243,86.7717,7529.327920889999,653332.5835530907,660861.9114739808,660948.6831739808,660948.7201533807,660948.7462874876,660862.5452099242,653419.9889890343,7616.733356833574,87.40543594351038,0.6337359434692189,0.5967565436149016,0.5706224367022514
49.6196,124679.943038022,49.6196,2462.10470416,122168.65057853753,124630.75528269753,124680.37488269754,124680.41186209754,124680.43799620439,124630.323438022,122217.838333862,2511.2924594844662,49.187755324470345,0.4318446755351033,0.46882407553493977,0.4949581823893823
