x1,x2,y,Model_1_Y_pred,Model_2_Y_pred,Model_3_Y_pred,Model_4_Y_pred,Model_5_Y_pred,Model_6_Y_pred,Model_7_Y_pred,Model_8_Y_pred,Model_9_Y_pred,Model_10_Y_pred,Model_11_Y_pred,Model_12_Y_pred,Model_13_Y_pred,Model_14_Y_pred,Model_15_Y_pred,Model_1_Residuals,Model_2_Residuals,Model_3_Residuals,Model_4_Residuals,Model_5_Residuals,Model_6_Residuals,Model_7_Residuals,Model_8_Residuals,Model_9_Residuals,Model_10_Residuals,Model_11_Residuals,Model_12_Residuals,Model_13_Residuals,Model_14_Residuals,Model_15_Residuals
77.1693,88.6152,1.5519583091233122,88.6152,0.7957170914463371,0.0,0.6593174881737021,0.7798114345408668,0.9802777124640708,1.5596228690817335,1.5596228690817333,1.5596228690817335,1.5572026647002564,1.557215660413977,1.5595274949595501,1.559653489794198,1.5596531481031402,1.5596474774173055,87.0632416908767,0.7562412176769752,1.5519583091233122,0.8926408209496102,0.7721468745824455,0.5716805966592414,0.007664559958421302,0.00766455995842108,0.007664559958421302,0.0052443555769441375,0.005257351290664847,0.0075691858362378905,0.007695180670885815,0.007694838979827923,0.007689168293993243
82.6278,6.4863,1.5837995397787248,6.4863,0.9794430309418242,0.0,0.9125619132074902,0.7946328281459147,0.8289696142208892,1.5892656562918295,1.5892656562918295,1.5892656562918295,1.5867994525826257,1.5868126952978387,1.5768496823405853,1.5813522442921526,1.5824092967746444,1.5829060427382893,4.902500460221275,0.6043565088369006,1.5837995397787248,0.6712376265712345,0.78916671163281,0.7548299255578356,0.005466116513104691,0.005466116513104691,0.005466116513104691,0.0029999128039008838,0.0030131555191139636,0.006949857438139473,0.0024472954865721874,0.001390243004080416,0.0008934970404355091
66.1704,43.1116,-0.258392277253801,43.1116,0.6442935384694025,0.0,0.6239153774802533,-0.12607755038785481,-0.3200619504419766,-0.25215510077570963,-0.25215510077571524,-0.25215510077570963,-0.25176380946304217,-0.2517659105706675,-0.25215250326882815,-0.2519665718804003,-0.2519708457878431,-0.25200358952899987,43.3699922772538,0.9026858157232035,0.258392277253801,0.8823076547340543,0.13231472686594617,0.06166967318817562,0.006237176478091355,0.006237176478085749,0.006237176478091355,0.0066284677907588185,0.006626366683133489,0.0062397739849728295,0.006425705373400703,0.006421431465957861,0.006388687724801112
91.3656,6.3049,-0.5325807213122509,6.3049,0.999764245321818,0.0,-0.27743929202699025,-0.256452806870894,-0.3001837562001117,-0.512905613741788,-0.512905613741788,-0.512905613741788,-0.5121096928571495,-0.5121139666945328,-0.5124811790673952,-0.5245635743805717,-0.5229676646981963,-0.5222745338091466,6.837480721312251,1.532344966634069,0.5325807213122509,0.2551414292852606,0.27612791444135687,0.2323969651121392,0.01967510757046287,0.01967510757046287,0.01967510757046287,0.020471028455101403,0.020466754617718075,0.02009954224485566,0.008017146931679209,0.009613056614054538,0.010306187503104303
46.2781,98.7143,-0.3876953793932652,98.7143,-0.2433988828998607,0.0,0.4610143566553073,-0.1821828703081568,-0.03583113813994372,-0.3643657406163136,-0.36436574061630733,-0.3643657406163136,-0.36380032215561936,-0.3638033582696367,-0.36435526635901877,-0.3642877415864782,-0.36428852381158744,-0.3643030566959801,99.10199537939326,0.1442964964934045,0.3876953793932652,0.8487097360485725,0.2055125090851084,0.3518642412533215,0.0233296387769516,0.023329638776957873,0.0233296387769516,0.023895057237645845,0.023892021123628482,0.023340113034246435,0.023407637806787007,0.023406855581677766,0.023392322697285084
27.3715,99.515,0.8255740291246625,99.515,0.5268000096334747,0.0,0.9400557868101852,0.41358296012233586,0.999956979974127,0.8271659202446717,0.8271659202446742,0.8271659202446717,0.8258823339212913,0.8258892263641453,0.8271401797424514,0.8272258676116978,0.8272252712095013,0.8272140969461846,98.68942597087533,0.29877401949118776,0.8255740291246625,0.11448175768552271,0.4119910690023266,0.17438295084946454,0.0015918911200092367,0.0015918911200116792,0.0015918911200092367,0.00030830479662879995,0.00031519723948281175,0.001566150617788864,0.0016518384870353175,0.0016512420848387999,0.001640067821522151
72.1095,44.2904,0.2730113749987753,44.2904,0.9529105978000834,0.0,-0.1602775356631312,0.13969742674194857,0.1788869638522537,0.27939485348389714,0.27939485348389015,0.27939485348389714,0.27896129184411306,0.2789636199297053,0.279393322955811,0.27953822041001564,0.27953505490636726,0.2795100703140653,44.017388625001225,0.6798992228013081,0.2730113749987753,0.4332889106619065,0.13331394825682674,0.09412441114652162,0.00638347848512183,0.006383478485114835,0.00638347848512183,0.005949916845337744,0.005952244930929995,0.006381947957035672,0.006526845411240323,0.0065236799075919505,0.00649869531528996
18.2853,69.9022,-0.755661672102885,69.9022,0.7058587295124173,0.0,0.22106436254180728,-0.37748423307963164,-0.7341501068797891,-0.7549684661592633,-0.7549684661592564,-0.7549684661592633,-0.7537969149939797,-0.7538032058443184,-0.7549463720212501,-0.7550537443064952,-0.7550525415490671,-0.7550369999422794,70.65786167210288,1.4615204016153025,0.755661672102885,0.9767260346446923,0.3781774390232534,0.02151156522309594,0.0006932059436217664,0.0006932059436286497,0.0006932059436217664,0.0018647571089053239,0.0018584662585666711,0.0007153000816348953,0.0006079277963898511,0.0006091305538179492,0.0006246721606056882
18.3874,34.2261,0.8352276501761506,34.2261,-0.9455815125120769,0.0,0.7128650525496519,0.421614837674961,0.5226013418284648,0.843229675349922,0.843229675349922,0.843229675349922,0.8419211614807487,0.8419281877764505,0.8431581222024768,0.8424395142897652,0.8424619454149864,0.842594662413927,33.39087234982385,1.7808091626882274,0.8352276501761506,0.1223625976264987,0.41361281250118964,0.3126263083476858,0.008002025173771354,0.008002025173771354,0.008002025173771354,0.006693511304598054,0.006700537600299872,0.00793047202632613,0.007211864113614519,0.007234295238835786,0.00736701223777636
8.0852,65.5776,-1.798522581643481,65.5776,-0.9226707922607443,0.0,-0.9864794939511087,-0.8981165962576705,-0.939436599619844,-1.796233192515341,-1.796233192515341,-1.796233192515341,-1.7934458190234148,-1.793460786316347,-1.7960353199387924,-1.796445639060706,-1.7964424480994012,-1.7964039251815236,67.37612258164349,0.8758517893827368,1.798522581643481,0.8120430876923724,0.9004059853858106,0.8590859820236371,0.00228938912814014,0.00228938912814014,0.00228938912814014,0.0050767626200662885,0.005061795327134133,0.0024872617046887147,0.002076942582775132,0.0020801335440798763,0.0021186564619575243
78.8338,98.4428,0.278352805429259,98.4428,-0.49459483046429037,0.0,0.9751531684356779,0.14331739085497983,0.573239461485842,0.28663478170995965,0.2866347817099597,0.28663478170995965,0.2861899852349076,0.2861923736479267,0.28663353997386737,0.2865650253252369,0.2865657267976887,0.2865787219913773,98.16444719457074,0.7729476358935494,0.278352805429259,0.6968003630064189,0.13503541457427917,0.29488665605658304,0.008281976280700654,0.008281976280700709,0.008281976280700654,0.007837179805648575,0.007839568218667714,0.00828073454460837,0.008212219895977924,0.008212921368429715,0.008225916562118296
71.0434,52.9472,-1.6906690018938146,52.9472,-0.896107934760775,0.0,-0.9947709142818039,-0.839430660877604,-0.9318857675211351,-1.678861321755208,-1.678861321755207,-1.678861321755208,-1.6762560845486025,-1.6762700738286693,-1.678598575512923,-1.6787012201207483,-1.678704187867627,-1.6787326560766735,54.63786900189382,0.7945610671330396,1.6906690018938146,0.6958980876120108,0.8512383410162107,0.7587832343726796,0.011807680138606669,0.011807680138607557,0.011807680138606669,0.014412917345212106,0.014398928065145311,0.01207042638089173,0.011967781773066344,0.011964814026187653,0.011936345817141092
57.4817,13.2843,1.2060952780974474,13.2843,0.7531694478734281,0.0,0.9967884832475038,0.6051181960953307,0.9225672596335784,1.2102363921906614,1.21023639219066,1.2102363921906614,1.2083583616250237,1.2083684460409418,1.2080236770111117,1.2150866405875678,1.2147470895842336,1.2141342943148339,12.078204721902553,0.45292583022401933,1.2060952780974474,0.20930679484994363,0.6009770820021167,0.283528018463869,0.004141114093213938,0.004141114093212606,0.004141114093213938,0.002263083527576315,0.002273167943494414,0.0019283989136642532,0.008991362490120336,0.008651811486786176,0.008039016217386452
34.5557,37.9677,-0.018568580608842,37.9677,0.9641465186307028,0.0,-0.2636160746756059,0.0017539642438753368,0.002214301053179831,0.0035079284877506736,0.003507928487743839,0.0035079284877506736,0.003502484925679183,0.003502514155844554,0.0035079284837239897,0.00288172358940658,0.002897793434382747,0.0030046789211896083,37.986268580608844,0.9827150992395448,0.018568580608842,0.24504749406676388,0.020322544852717336,0.02078288166202183,0.022076509096592672,0.022076509096585838,0.022076509096592672,0.02207106553452118,0.022071094764686553,0.022076509092565987,0.02145030419824858,0.021466374043224747,0.021573259530031606
6.8867,20.4374,-0.0187949423153157,20.4374,-0.017046925925494203,0.0,0.8135515279244081,-0.009674808607394012,-0.9530378491813063,-0.019349617214788024,-0.019349617214788117,-0.019349617214788024,-0.019319590706911343,-0.01931975193953425,-0.019342156923245164,-0.02171879957642455,-0.021608283265601665,-0.02125361061971731,20.456194942315317,0.001748016389821496,0.0187949423153157,0.8323464702397239,0.009120133707921687,0.9342429068659905,0.0005546748994723245,0.0005546748994724182,0.0005546748994723245,0.0005246483915956439,0.0005248096242185495,0.0005472146079294644,0.0029238572611088517,0.0028133409502859655,0.002458668304401612
55.9097,71.0798,0.4510368448796086,71.0798,-0.3838529531166148,0.0,0.9701367257617759,0.2289173000096754,0.9997654919840595,0.4578346000193508,0.45783460001935083,0.4578346000193508,0.45712413768456145,0.45712795263720873,0.45781848573100353,0.45799132737845516,0.4579891530194933,0.45796055396149504,70.6287631551204,0.8348897979962234,0.4510368448796086,0.5190998808821673,0.2221195448699332,0.5487286471044509,0.006797755139742179,0.006797755139742234,0.006797755139742179,0.0060872928049528485,0.006091107757600134,0.006781640851394932,0.006954482498846559,0.0069523081398846776,0.006923709081886442
91.0766,50.5121,0.0333735370318205,50.5121,0.9697437108096949,0.0,-0.2153308240820849,0.02868757677750469,0.035861320758389,0.05737515355500938,0.057375153555016295,0.05737515355500938,0.05728611946813201,0.057286597552343936,0.05737514371542416,0.05771929053438504,0.05771260983258839,0.05765171923849155,50.478726462968176,0.9363701737778745,0.0333735370318205,0.2487043611139054,0.004685960254315811,0.0024877837265685,0.024001616523188878,0.024001616523195796,0.024001616523188878,0.02391258243631151,0.023913060520523437,0.02400160668360366,0.024345753502564543,0.024339072800767893,0.02427818220667105
65.5562,96.4433,-0.4649908412914623,96.4433,-0.5848734779749596,0.0,-0.978553469597453,-0.2370164746743543,-0.6698545289085455,-0.4740329493487086,-0.47403294934870566,-0.4740329493487086,-0.47329735060639616,-0.4733013005334112,-0.474028764623133,-0.47409585974685714,-0.47409521413655414,-0.47408350729017773,96.90829084129146,0.1198826366834973,0.4649908412914623,0.5135626283059908,0.227974366617108,0.20486368761708318,0.009042108057246312,0.00904210805724337,0.009042108057246312,0.008306509314933874,0.008310459241948898,0.009037923331670694,0.009105018455394853,0.009104372845091857,0.009092665998715443
8.9091,22.0872,-0.961785184145678,22.0872,-0.9953906073326005,0.0,-0.40741941869001436,-0.49085175446899254,-0.5545090529579297,-0.9817035089379851,-0.9817035089379869,-0.9817035089379851,-0.9801801130063507,-0.9801882931491361,-0.9814588480212237,-0.9829816482053529,-0.9829262868247036,-0.982730685560207,23.04898518414568,0.0336054231869225,0.961785184145678,0.5543657654556637,0.4709334296766855,0.4072761311877483,0.01991832479230704,0.019918324792308817,0.01991832479230704,0.01839492886067262,0.018403109003458096,0.0196736638755457,0.021196464059674902,0.02114110267902558,0.020945501414529
39.7452,78.9994,-1.601934064487091,78.9994,-0.8962372531014365,0.0,-0.5939186020941866,-0.7968976156653119,-0.9080118470214779,-1.5937952313306238,-1.5937952313306238,-1.5937952313306238,-1.5913219986802751,-1.5913352791386257,-1.593694280608934,-1.5938162244803564,-1.5938159620640167,-1.5938121024754064,80.60133406448709,0.7056968113856544,1.601934064487091,1.0080154623929043,0.805036448821779,0.6939222174656131,0.008138833156467129,0.008138833156467129,0.008138833156467129,0.01061206580681584,0.010598785348465256,0.008239783878156937,0.008117840006734545,0.008118102423074314,0.00812196201168458
89.2611,62.9024,1.9240493173594495,62.9024,0.997512597340359,0.0,0.9793159534354909,0.9602231659053859,0.911041723446179,1.9204463318107718,1.9204463318107716,1.9204463318107718,1.9174662058336653,1.917482208145018,1.9202214590496927,1.9204150675318474,1.9204155567823125,1.920421206273014,60.97835068264055,0.9265367200190905,1.9240493173594495,0.9447333639239586,0.9638261514540636,1.0130075939132706,0.003602985548677662,0.003602985548677884,0.003602985548677662,0.006583111525784169,0.006567109214431488,0.0038278583097568486,0.0036342498276020763,0.0036337605771370463,0.0036281110864355703
44.7815,55.8997,1.1422081349684745,55.8997,0.7967080691423276,0.0,0.14967057371616296,0.5710807288544214,0.8427845897062081,1.1421614577088428,1.1421614577088428,1.1421614577088428,1.1403890650239825,1.1403985821986928,1.142067556933412,1.142018648773782,1.1420211586101268,1.1420466893081813,54.757491865031525,0.3455000658261469,1.1422081349684745,0.9925375612523115,0.5711274061140531,0.29942354526226644,4.6677259631699997e-05,4.6677259631699997e-05,4.6677259631699997e-05,0.0018190699444919911,0.001809552769781675,0.00014057803506251076,0.00018948619469250083,0.00018697635834774573,0.0001614456602931913
74.1232,49.5684,-1.4826977357978133,49.5684,0.7667184619536687,0.0,-0.9205501373677415,-0.7334254143421288,-0.9816250790280286,-1.4668508286842576,-1.4668508286842576,-1.4668508286842576,-1.4645745868613578,-1.4645868095427625,-1.4665776965846276,-1.4664621096759767,-1.4664697966703897,-1.4665384346532526,51.05109773579781,2.249416197751482,1.4826977357978133,0.5621475984300718,0.7492723214556845,0.5010726567697846,0.01584690711355563,0.01584690711355563,0.01584690711355563,0.018123148936455502,0.01811092625505073,0.016120039213185722,0.0162356261218366,0.016227939127423596,0.016159301144560656
43.571,12.4528,-0.8137627531521678,12.4528,0.9935577867033052,0.0,-0.5010985738485176,-0.3972230477245535,-0.45920687152432715,-0.794446095449107,-0.7944460954491102,-0.794446095449107,-0.7932132833641026,-0.7932199031657402,-0.7940366974414633,-0.7971730090521622,-0.7969703067446118,-0.7966375795662054,13.266562753152169,1.807320539855473,0.8137627531521678,0.3126641793036502,0.4165397054276143,0.3545558816278407,0.01931665770306079,0.019316657703057682,0.01931665770306079,0.020549469788065267,0.020542849986427636,0.019726055710704515,0.016589744100005688,0.01679244640755606,0.01712517358596244
66.0979,43.177,-0.1822292838130308,43.177,0.6928970094138365,0.0,0.6294481976863356,-0.08601155588703918,-0.19311119194542617,-0.17202311177407836,-0.17202311177408391,-0.17202311177407836,-0.17175616833724863,-0.171757601737052,-0.17202240084249026,-0.17217233592978623,-0.1721689580599566,-0.17214303576681853,43.35922928381303,0.8751262932268673,0.1822292838130308,0.8116774814993665,0.09621772792599162,0.010881908132395368,0.010206172038952438,0.010206172038946887,0.010206172038952438,0.010473115475782169,0.010471682075978789,0.010206882970540537,0.010056947883244571,0.010060325753074195,0.010086248046212276
44.1408,68.7183,0.2950192582387828,68.7183,0.9223262276053584,0.0,-0.23598835982804892,0.14557997271771758,0.19674849947891054,0.29115994543543516,0.2911599454354352,0.29115994543543516,0.29070812686466213,0.29071055298406107,0.29115917738316227,0.2909641619457402,0.2909669701537674,0.29100260403394185,68.42328074176122,0.6273069693665756,0.2950192582387828,0.5310076180668317,0.1494392855210652,0.09827075875987223,0.0038593128033476143,0.0038593128033475588,0.0038593128033476143,0.004311131374120647,0.004308705254721712,0.003860080855620507,0.0040550962930425705,0.004052288085015399,0.00401665420484093
65.399,61.1781,-0.0968477357172144,61.1781,-0.08286162881637564,0.0,0.7915821537853868,-0.04502448713712613,-0.2781603016591229,-0.09004897427425226,-0.09004897427425229,-0.09004897427425226,-0.0899092373375822,-0.08990998767967688,-0.09004542250644368,-0.09016464234634256,-0.09016278207605304,-0.09014193092038765,61.27494773571721,0.013986106900838763,0.0968477357172144,0.8884298895026012,0.05182324858008827,0.18131256594190853,0.00679876144296214,0.006798761442962112,0.00679876144296214,0.006938498379632202,0.006937748037537522,0.006802313210770725,0.006683093370871848,0.0066849536411613675,0.006705804796826753
86.0581,32.2992,-1.1855048475264212,32.2992,0.6346247489373945,0.0,-0.853789275357738,-0.5992003809025205,-0.99976351046874,-1.198400761805041,-1.1984007618050412,-1.198400761805041,-1.1965410976311028,-1.1965510834254456,-1.1978887643820224,-1.197467354095939,-1.1974953850308898,-1.1976506286996214,33.48470484752642,1.8201295964638158,1.1855048475264212,0.3317155721686832,0.5863044666239007,0.18574133705768114,0.012895914278619802,0.012895914278620024,0.012895914278619802,0.011036250104681677,0.011046235899024426,0.012383916855601251,0.011962506569517917,0.011990537504468657,0.012145781173200199
70.5454,35.5697,-1.0349158180146238,35.5697,-0.530012678302473,0.0,-0.6434909665371402,-0.5247948319900201,-0.9257446772503706,-1.0495896639800402,-1.0495896639800404,-1.0495896639800402,-1.0479609231133376,-1.0479696689243072,-1.0491830262403503,-1.0501063705595217,-1.0500922411961562,-1.0500049152226407,36.60461581801462,0.5049031397121508,1.0349158180146238,0.3914248514774836,0.5101209860246038,0.10917114076425327,0.014673845965416321,0.014673845965416543,0.014673845965416321,0.013045105098713705,0.013053850909683362,0.014267208225726469,0.015190552544897873,0.01517642318153234,0.015089097208016877
84.9469,7.8925,0.005138077381474,7.8925,-0.03850884200988504,0.0,-0.9868393734328651,0.004758984557863012,-0.06832221022572585,0.009517969115726024,0.009517969115725555,0.009517969115726024,0.009503199243461836,0.00950327855289252,0.009516802349326408,0.023284779393712506,0.02173664216818643,0.020581666195629393,7.887361922618526,0.04364691939135904,0.005138077381474,0.9919774508143391,0.0003790928236109886,0.07346028760719985,0.004379891734252023,0.004379891734251555,0.004379891734252023,0.004365121861987836,0.00436520117141852,0.004378724967852407,0.018146702012238506,0.01659856478671243,0.015443588814155394
36.6034,6.0666,-1.7246172375252553,6.0666,0.9766369454709806,0.0,-0.9667747221310968,-0.8684783892176102,-0.8787207497535249,-1.7369567784352204,-1.7369567784352207,-1.7369567784352204,-1.7342613893838401,-1.7342758627501167,-1.7183298058662009,-1.7199707623647262,-1.7223744665605907,-1.723305966620168,7.791217237525256,2.701254182996236,1.7246172375252553,0.7578425153941585,0.8561388483076451,0.8458964877717304,0.012339540909965141,0.012339540909965363,0.012339540909965141,0.009644151858584804,0.009658625224861384,0.006287431659054432,0.004646475160529073,0.002242770964664631,0.001311270905087314
88.2578,38.384,0.4579747153216221,38.384,0.774489802344907,0.0,0.8294340974197517,0.22384505049861603,0.4016082755517753,0.44769010099723205,0.44769010099723205,0.44769010099723205,0.44699538077642936,0.4469991111990228,0.4476774096254299,0.4470133005833423,0.4470304852373615,0.44714619034460956,37.92602528467838,0.31651508702328496,0.4579747153216221,0.3714593820981296,0.23412966482300607,0.05636643976984679,0.01028461432439004,0.01028461432439004,0.01028461432439004,0.010979334545192732,0.010975604122599292,0.010297305696192194,0.010961414738279773,0.010944230084260598,0.010828524977012532
76.0311,56.9309,1.0893106185222363,56.9309,0.9278343407589127,0.0,0.8495378195002669,0.5487828915085644,0.6735745009106479,1.0975657830171288,1.0975657830171248,1.0975657830171288,1.0958625933745063,1.0958717389512918,1.0975065504165302,1.0977334590278973,1.0977305646138455,1.097700535843179,55.84158938147777,0.16147627776332363,1.0893106185222363,0.23977279902196946,0.5405277270136719,0.41573611761158846,0.008255164494892497,0.0082551644948885,0.008255164494892497,0.006551974852269993,0.006561120429055434,0.008195931894293906,0.008422840505661,0.008419946091609232,0.008389917320942741
72.2525,15.5767,-0.0095647925765583,15.5767,-0.9913973399109901,0.0,-0.1349810134390774,-0.004095483047718203,-0.004936716275433135,-0.008190966095436406,-0.008190966095436403,-0.008190966095436406,-0.00817825545081475,-0.008178323702859897,-0.008190965807385674,-0.011259549966124716,-0.011074435687004724,-0.010657033523115063,15.586264792576559,0.9818325473344318,0.0095647925765583,0.1254162208625191,0.005469309528840097,0.004628076301125165,0.001373826481121894,0.0013738264811218974,0.001373826481121894,0.0013865371257435494,0.0013864688736984036,0.0013738267691726265,0.0016947573895664154,0.0015096431104464243,0.001092240946556763
48.5113,47.418,1.8803796530630488,47.418,-0.957060464949516,0.0,0.9938763507310164,0.9410123182209846,0.9330237373066735,1.8820246364419693,1.8820246364419693,1.8820246364419693,1.8791041327987734,1.8791198149575024,1.8816200557550147,1.8822963268853674,1.8822907155333206,1.8822429804668062,45.53762034693695,2.837440118012565,1.8803796530630488,0.8865033023320323,0.9393673348420641,0.9473559157563752,0.0016449833789204948,0.0016449833789204948,0.0016449833789204948,0.0012755202642753538,0.001259838105546418,0.0012404026919659028,0.0019166738223186375,0.0019110624702718404,0.0018633274037573866
69.8507,29.7664,-0.1037147614245449,29.7664,-0.07864890015059171,0.0,-0.7918699122349647,-0.05277953243116579,-0.7728992904317961,-0.10555906486233158,-0.1055590648623268,-0.10555906486233158,-0.10539525954993907,-0.10539613913141659,-0.1055322398280121,-0.10443719795717454,-0.10447366198627804,-0.10465747652399734,29.870114761424546,0.02506586127395319,0.1037147614245449,0.6881551508104198,0.050935228993379114,0.6691845290072511,0.0018443034377866735,0.0018443034377818995,0.0018443034377866735,0.0016804981253941698,0.001681377706871684,0.0018174784034672015,0.0007224365326296417,0.000758900561733139,0.000942715099452443
88.7396,53.3912,-1.4006258715028557,53.3912,-0.9998739930713283,0.0,-0.6882910040273627,-0.6996319775810925,-0.739017832610375,-1.399263955162185,-1.3992639551621853,-1.399263955162185,-1.3970925938528191,-1.3971042533598328,-1.3991437915904388,-1.399392475112131,-1.3993901122308203,-1.3993672402199593,54.79182587150285,0.4007518784315274,1.4006258715028557,0.712334867475493,0.7009938939217631,0.6616080388924807,0.0013619163406706214,0.0013619163406703994,0.0013619163406706214,0.003533277650036526,0.0035216181430228755,0.0014820799124168893,0.001233396390724728,0.0012357592720353416,0.001258631282896383
32.1768,79.3685,-0.9307759854069064,79.3685,-0.6758465434879841,0.0,-0.999824021399066,-0.46603289051494107,-0.8922495162796054,-0.9320657810298821,-0.932065781029882,-0.9320657810298821,-0.9306194123392245,-0.930627178870672,-0.9320306043834117,-0.9322076347463129,-0.9322058697050785,-0.9321797817690916,80.29927598540691,0.2549294419189223,0.9307759854069064,0.06904803599215958,0.46474309489196536,0.038526469127301066,0.001289795622975709,0.001289795622975598,0.001289795622975709,0.00015657306768190882,0.00014880653623439155,0.0012546189765052507,0.0014316493394064267,0.001429884298172035,0.001403796362185128
6.7524,9.5697,-0.909137554993911,9.5697,-0.9895171676063234,0.0,-0.5762532130508622,-0.44744580087149743,-0.5150337644265238,-0.8948916017429949,-0.8948916017429949,-0.8948916017429949,-0.8935029195054994,-0.8935103762793758,-0.8938927588362581,-0.9046123590290366,-0.9036926775540617,-0.9027036883359223,10.47883755499391,0.08037961261241233,0.909137554993911,0.33288434194304883,0.4616917541224136,0.3941037905673872,0.014245953250916155,0.014245953250916155,0.014245953250916155,0.015634635488411597,0.015627178714535228,0.015244796157652951,0.00452519596487444,0.005444877439849338,0.006433866657988729
5.6508,34.153,1.0866020011522577,34.153,-0.9192917392820253,0.0,0.8608330914164452,0.5433662039958614,0.6767386552527817,1.0867324079917229,1.0867324079917247,1.0867324079917229,1.0850460294527475,1.0850550847593508,1.086569664886838,1.0861971660807814,1.0862123921471485,1.0863022608299966,33.06639799884774,2.005893740434283,1.0866020011522577,0.22576890973581254,0.5432357971563962,0.40986334589947604,0.00013040683946519138,0.00013040683946696774,0.00013040683946519138,0.0015559716995101613,0.0015469163929069385,3.233626541976342e-05,0.00040483507147626163,0.0003896090051092038,0.0002997403222610995
93.478,53.3466,1.3923713573014045,53.3466,-0.9981719377134604,0.0,0.7381032506589624,0.694704710428398,0.7366268235808304,1.389409420856796,1.3894094208567913,1.389409420856796,1.3872533516975876,1.3872649290907075,1.3892911792376408,1.3897298070840103,1.3897239118444282,1.3896668992482921,51.954228642698595,2.390543295014865,1.3923713573014045,0.6542681066424421,0.6976666468730065,0.6557445337205741,0.002961936444608515,0.002961936444613178,0.002961936444608515,0.005118005603816922,0.005106428210696956,0.0030801780637637055,0.0026415502173942063,0.0026474454569762607,0.0027044580531123685
41.877,3.8268,1.3032817269238153,3.8268,-0.7742878479679877,0.0,0.9886652496901965,0.6662925194270302,0.942726744354571,1.3325850388540603,1.3325850388540617,1.3325850388540603,1.3305171491009278,1.3305282529991946,1.2990354192489386,1.2994147438256642,1.3062868526821327,1.305927731254491,2.523518273076185,2.077569574891803,1.3032817269238153,0.31461647723361874,0.6369892074967851,0.36055498256924423,0.029303311930245046,0.02930331193024638,0.029303311930245046,0.0272354221771125,0.027246526075379363,0.004246307674876659,0.0038669830981510334,0.0030051257583174618,0.002646004330675744
22.9223,73.918,-0.1260161097145848,73.918,0.0904488574407835,0.0,0.5218960841000975,-0.07256782113609665,-0.5161757431471709,-0.1451356422721933,-0.14513564227219944,-0.1451356422721933,-0.14491042249355382,-0.1449116318508254,-0.14512709315242933,-0.1452823219344139,-0.1452803640649865,-0.14525352138274303,74.04401610971459,0.21646496715536828,0.1260161097145848,0.6479121938146822,0.05344828857848814,0.3901596334325861,0.01911953255760851,0.019119532557614644,0.01911953255760851,0.018894312778969025,0.0188955221362406,0.019110983437844536,0.019266212219829104,0.019264254350401716,0.019237411668158233
92.8315,14.4991,0.7055603606650609,14.4991,-0.35408271760800447,0.0,0.4937960621717675,0.3498641847303176,0.2877400188687231,0.6997283694606352,0.6997283694606319,0.6997283694606352,0.6986425392261699,0.6986483697828717,0.6981041720083906,0.6951348644019674,0.6954312367757579,0.6960367991202335,13.79353963933494,1.0596430782730653,0.7055603606650609,0.21176429849329337,0.3556961759347433,0.4178203417963378,0.005831991204425679,0.00583199120442901,0.005831991204425679,0.00691782143889097,0.0069119908821891896,0.007456188656670304,0.010425496263093526,0.010129123889302982,0.009523561544827364
12.9589,18.0922,0.5598860945557201,18.0922,0.7266550372554471,0.0,-0.35678725216800977,0.2779649157562327,0.5444813338075642,0.5559298315124654,0.5559298315124656,0.5559298315124654,0.5550671461539131,0.555071778494899,0.5558055763519438,0.5584476995166818,0.5583158201102114,0.5579533161340541,17.53231390544428,0.16676894269972697,0.5598860945557201,0.9166733467237299,0.2819211787994874,0.015404760748155888,0.003956263043254693,0.003956263043254582,0.003956263043254693,0.004818948401807077,0.004814316060821167,0.004080518203776307,0.0014383950390383093,0.0015702744455087236,0.0019327784216660593
26.2261,84.9832,-1.7486383117261526,84.9832,-0.9871956626988497,0.0,-0.9501002540375664,-0.8768027968968616,-0.8744693204687266,-1.7536055937937232,-1.7536055937937265,-1.7536055937937232,-1.7508843693069465,-1.750898981401144,-1.753509823859574,-1.7537343213693384,-1.7537328242446055,-1.7537090457098696,86.73183831172615,0.7614426490273029,1.7486383117261526,0.7985380576885862,0.871835514829291,0.874168991257426,0.0049672820675705776,0.004967282067573908,0.0049672820675705776,0.002246057580793881,0.002260669674991389,0.004871512133421518,0.005096009643185795,0.005094512518452943,0.005070733983717046
92.5215,85.6836,1.2804139271745738,85.6836,-0.651983893967879,0.0,0.7615369760564078,0.6441188860594139,0.9983526014439318,1.2882377721188278,1.2882377721188187,1.2882377721188278,1.2862386999313946,1.286249434301621,1.2881521424739093,1.2881049278924925,1.288106460411049,1.2881310118563243,84.40318607282542,1.9323978211424528,1.2804139271745738,0.518876951118166,0.6362950411151599,0.282061325730642,0.007823844944254033,0.007823844944244929,0.007823844944254033,0.005824772756820806,0.005835507127047279,0.007738215299335494,0.007691000717918728,0.00769253323647523,0.007717084681750475
33.9829,12.8244,1.0595690856231392,12.8244,0.9668947080330319,0.0,0.3113276588048654,0.5255219493517949,0.6133584945346046,1.0510438987035897,1.0510438987035928,1.0510438987035897,1.0494129011725872,1.0494216591011136,1.0501001093038296,1.0537887974433964,1.0535902428052375,1.0532498365758385,11.764830914376862,0.09267437759010733,1.0595690856231392,0.7482414268182738,0.5340471362713444,0.44621059108853467,0.00852518691954951,0.008525186919546401,0.00852518691954951,0.010156184450551997,0.010147426522025604,0.009468976319309652,0.005780288179742854,0.0059788428179017306,0.006319249047300746
23.7049,95.553,-0.5235981451465014,95.553,0.2624650547371151,0.0,-0.12231378219493239,-0.25978772998443656,0.6235081559943167,-0.5195754599688731,-0.5195754599688733,-0.5195754599688731,-0.5187691888954917,-0.5187735183100367,-0.51954758461488,-0.5195080287743462,-0.5195087271596325,-0.5195212688893918,96.0765981451465,0.7860631998836165,0.5235981451465014,0.401284362951569,0.2638104151620648,1.147106301140818,0.004022685177628271,0.004022685177628049,0.004022685177628271,0.004828956251009653,0.004824626836464674,0.004050560531621339,0.0040901163721551725,0.004089417986868904,0.004076876257109618
90.0116,55.0731,0.1740219222765922,55.0731,0.09508469772211471,0.0,0.5408420891988336,0.0845054771528362,0.0638214918879627,0.1690109543056724,0.16901095430567242,0.1690109543056724,0.16874868509929108,0.16875009339999078,0.16898894811642268,0.16895798311560709,0.16895892779656937,0.16896838400877645,54.8990780777234,0.07893722455447748,0.1740219222765922,0.3668201669222414,0.08951644512375599,0.11020043038862949,0.005010967970919794,0.005010967970919766,0.005010967970919794,0.005273237177301104,0.005271828876601409,0.005032974160169512,0.005063939160985104,0.005062994480022814,0.005053538267815738
27.146,17.3485,0.1313662668448877,17.3485,0.06968388598733746,0.0,0.4900985858912968,0.06297333257166478,0.4010811756311523,0.12594666514332956,0.12594666514332958,0.12594666514332956,0.12575122259317525,0.12575227205637352,0.12577582763012723,0.12864612234598,0.12849900093536606,0.12811608392423962,17.217133733155112,0.061682380857550234,0.1313662668448877,0.3587323190464091,0.06839293427322292,0.2697149087862646,0.005419601701558141,0.005419601701558113,0.005419601701558141,0.005615044251712442,0.005613994788514182,0.005590439214760462,0.0027201444989077006,0.0028672659095216324,0.003250182920648076
7.139,56.7358,1.484643635697631,56.7358,0.9825417991964608,0.0,0.8638922751148435,0.7419225025264621,0.7880753111071153,1.4838450050529242,1.4838450050529275,1.4838450050529242,1.4815423918674837,1.4815547561545648,1.4837135876793623,1.4837270887426999,1.4837291310857592,1.4837502416102157,55.25115636430237,0.5021018365011701,1.484643635697631,0.6207513605827875,0.7427211331711688,0.6965683245905157,0.0007986306447067548,0.0007986306447034242,0.0007986306447067548,0.0031012438301472045,0.0030888795430661364,0.00093004801826857,0.0009165469549310412,0.0009145046118717026,0.000893394087415178
98.2081,10.3049,0.917304781816728,10.3049,-0.637057079074295,0.0,0.9918123542069917,0.46522830746980554,0.9417184639982947,0.9304566149396111,0.9304566149396071,0.9304566149396111,0.9290127433339216,0.9290204964568315,0.9281211552464466,0.9381034334322341,0.9374270171443706,0.9366019806212036,9.387595218183272,1.554361860891023,0.917304781816728,0.07450757239026362,0.4520764743469225,0.024413682181566698,0.013151833122883039,0.013151833122879042,0.013151833122883039,0.011707961517193555,0.011715714640103458,0.010816373429718529,0.020798651615506092,0.020122235327642568,0.019297198804475557
44.902,93.4877,1.145318069989245,93.4877,0.7247811649967307,0.0,0.15894624958735545,0.5765065687606312,0.9319601455273909,1.1530131375212624,1.1530131375212622,1.1530131375212624,1.1512239053276023,1.151233512925021,1.152971403771076,1.1531274663538675,1.1531262563674607,1.1531050178875855,92.34238193001076,0.42053690499251417,1.145318069989245,0.9863718204018894,0.5688115012286137,0.21335792446185398,0.007695067532017541,0.007695067532017319,0.007695067532017541,0.005905835338357424,0.005915442935776172,0.007653333781831195,0.007809396364622634,0.007808186378215787,0.007786947898340557
31.6947,23.9734,0.198679628263881,23.9734,0.39994340626897823,0.0,-0.7711005065280275,0.11005509552197164,0.6493502255807745,0.22011019104394328,0.22011019104394325,0.22011019104394328,0.21976862664441255,0.2197704607346189,0.22009569099890441,0.21840073656860787,0.21846918757949685,0.21873638795483996,23.77472037173612,0.20126377800509723,0.198679628263881,0.9697801347919085,0.08862453274190936,0.4506705973168935,0.02143056278006228,0.02143056278006225,0.02143056278006228,0.02108899838053155,0.021090832470737897,0.021416062735023417,0.01972110830472687,0.01978955931561585,0.020056759690958964
11.1401,51.1687,-1.2346156717778582,51.1687,0.6190863673159704,0.0,-0.49952733221944357,-0.6126319743866829,-0.9909671972272477,-1.2252639487733659,-1.2252639487733652,-1.2252639487733659,-1.2233625986225867,-1.2233728082571247,-1.2250348228675274,-1.225370092529004,-1.2253680579037274,-1.2253492512025839,52.40331567177786,1.8537020390938288,1.2346156717778582,0.7350883395584147,0.6219836973911753,0.24364847455061056,0.009351723004492385,0.009351723004493051,0.009351723004492385,0.011253073155271576,0.01124286352073356,0.009580848910330841,0.009245579248854163,0.009247613874130867,0.009266420575274381
11.3316,56.594,-1.886071476593754,56.594,0.9989726701668599,0.0,-0.928160088849677,-0.9431027163287332,-0.9012615438694688,-1.8862054326574664,-1.8862054326574653,-1.8862054326574664,-1.8832784413039918,-1.8832941582996239,-1.885942999369768,-1.8861969645500973,-1.8861971115811649,-1.886198627262978,58.48007147659376,2.885044146760614,1.886071476593754,0.957911387744077,0.9429687602650209,0.9848099327242853,0.00013395606371235935,0.00013395606371124913,0.00013395606371235935,0.002793035289762269,0.0027773182941301933,0.00012847722398601213,0.00012548795634326204,0.00012563498741080537,0.00012715066922397433
40.3441,93.5815,0.7419572200431098,93.5815,0.7861265474830937,0.0,0.9179510310453302,0.37454444826239064,0.6235706450323462,0.7490888965247813,0.7490888965247813,0.7490888965247813,0.7479264692063409,0.7479327110645768,0.749079188201614,0.74912347165132,0.7491231060922356,0.7491166828252241,92.8395427799569,0.04416932743998392,0.7419572200431098,0.17599381100222034,0.3674127717807192,0.11838657501076366,0.007131676481671456,0.007131676481671456,0.007131676481671456,0.00596924916323105,0.005975491021466994,0.007121968158504188,0.007166251608210161,0.007165886049125825,0.007159462782114323
18.8272,56.0067,-0.0281459530512969,56.0067,0.8566953228390731,0.0,-0.5348444866412608,-0.01915061812126871,-0.029576977486062177,-0.03830123624253742,-0.0383012362425435,-0.03830123624253742,-0.038241800835678616,-0.03824211998456468,-0.03830123319172418,-0.03825996570367135,-0.038260689663121954,-0.03826806917398378,56.0348459530513,0.88484127589037,0.0281459530512969,0.506698533589964,0.008995334930028187,0.0014310244347652788,0.010155283191240524,0.010155283191246603,0.010155283191240524,0.010095847784381717,0.01009616693326778,0.010155280140427284,0.010114012652374452,0.010114736611825055,0.010122116122686882
20.4977,42.4062,-0.0316153741312413,42.4062,-0.005300798637844599,0.0,0.07198461466185528,-0.0052849500646955415,0.3966798929801136,-0.010569900129391083,-0.010569900129394627,-0.010569900129391083,-0.010553497882981353,-0.010553585957732538,-0.010566978929129639,-0.010418364078874412,-0.010421855194214397,-0.010448118182396904,42.43781537413124,0.0263145754933967,0.0316153741312413,0.10359998879309658,0.026330424066545757,0.4282952671113549,0.021045474001850216,0.02104547400184667,0.021045474001850216,0.021061876248259944,0.02106178817350876,0.021048395202111658,0.021197010052366884,0.021193518937026902,0.021167255948844395
55.7271,81.4584,-1.424492074491097,81.4584,0.9752363809358572,0.0,-0.8647120344908595,-0.714082212243253,-0.7735943149660781,-1.428164424486506,-1.4281644244865095,-1.428164424486506,-1.4259482157695569,-1.425960116092625,-1.4281067278918138,-1.4280272661296987,-1.428028929493978,-1.4280541971730614,82.8828920744911,2.399728455426954,1.424492074491097,0.5597800400002374,0.710409862247844,0.6508977595250188,0.0036723499954089966,0.0036723499954125494,0.0036723499954089966,0.0014561412784599437,0.001468041601528025,0.003614653400716872,0.00353519163860172,0.003536855002881145,0.0035621226819644303
85.3709,45.3799,-0.1658260624315677,45.3799,0.17232892336809313,0.0,-0.9306156771932316,-0.08976516603548265,-0.10371769111190476,-0.1795303320709653,-0.1795303320709678,-0.1795303320709653,-0.17925173901818325,-0.17925323497265147,-0.1795185050510375,-0.17951997049357502,-0.1795201939002125,-0.1795220049892981,45.54572606243157,0.33815498579966086,0.1658260624315677,0.7647896147616638,0.07606089639608504,0.06210837131966293,0.01370426963939761,0.013704269639400107,0.01370426963939761,0.01342567658661556,0.013427172541083776,0.013692442619469808,0.01369390806200732,0.013694131468644816,0.013695942557730406
40.4281,60.2259,-0.7014100085600784,60.2259,-0.8599423682975378,0.0,0.12272491000840316,-0.34483397572735297,-0.5048044619497598,-0.6896679514547059,-0.689667951454713,-0.6896679514547059,-0.6885977328582976,-0.688603479585559,-0.6896526644199518,-0.6897201039811693,-0.6897192521761975,-0.6897098638326054,60.927310008560084,0.15853235973745938,0.7014100085600784,0.8241349185684815,0.35657603283272543,0.1966055466103186,0.011742057105372461,0.011742057105365356,0.011742057105372461,0.012812275701780784,0.012806528974519393,0.011757344140126635,0.01168990457890906,0.011690756383880951,0.01170014472747305
24.8302,46.5903,0.5090923768028907,46.5903,-0.8609867495211166,0.0,0.742055161235758,0.2565284004270509,0.38279333266410387,0.5130568008541018,0.5130568008540994,0.5130568008541018,0.5122606453590847,0.5122649204562498,0.5130463097564395,0.5126039268547143,0.512613442953568,0.5126928486644917,46.08120762319711,1.3700791263240073,0.5090923768028907,0.23296278443286733,0.25256397637583977,0.1262990441387868,0.003964424051211113,0.003964424051208781,0.003964424051211113,0.0031682685561940094,0.003172543653359172,0.003953932953548844,0.0035115500518236864,0.0035210661506773766,0.0036004718616010623
89.6849,54.0943,-1.5403169074699667,54.0943,-0.7730095043090465,0.0,-0.6698910718439719,-0.7643860246776633,-0.9880566170292774,-1.5287720493553265,-1.5287720493553212,-1.5287720493553265,-1.5263997189121932,-1.5264124575583693,-1.5285166302124582,-1.5288400313250328,-1.528838797404827,-1.5288266830652757,55.63461690746996,0.7673074031609203,1.5403169074699667,0.8704258356259948,0.7759308827923035,0.5522602904406894,0.011544858114640233,0.011544858114645562,0.011544858114640233,0.013917188557773574,0.01390444991159745,0.01180027725750854,0.011476876144933978,0.011478110065139768,0.011490224404691052
39.8276,67.1909,-0.5843844394934937,67.1909,-0.3460353192699143,0.0,0.20293050987334046,-0.2936036743102141,-0.5971677343160232,-0.5872073486204282,-0.5872073486204351,-0.5872073486204282,-0.5862961271795658,-0.5863010201435948,-0.587160530183179,-0.5874264168077775,-0.5874232042356179,-0.5873834027691984,67.77528443949349,0.2383491202235794,0.5843844394934937,0.7873149493668342,0.2907807651832796,0.01278329482252949,0.002822909126934503,0.0028229091269413864,0.002822909126934503,0.0019116876860720833,0.0019165806501010296,0.0027760906896853177,0.0030419773142837947,0.003038764742124167,0.0029989632757047024
73.2718,6.573,-1.608056475994064,6.573,0.9582968480602757,0.0,-0.9648793373195776,-0.8141399563531012,-0.8615538986214847,-1.6282799127062024,-1.628279912706206,-1.6282799127062024,-1.625753167133843,-1.6257667349392542,-1.614697868719984,-1.6117921892731137,-1.613969361256887,-1.6150295537692043,8.181056475994065,2.5663533240543397,1.608056475994064,0.6431771386744864,0.7939165196409629,0.7465025773725794,0.020223436712138332,0.020223436712141885,0.020223436712138332,0.017696691139778897,0.01771025894519007,0.0066413927259199035,0.003735713279049646,0.0059128852628229644,0.006973077775140224
47.4345,47.4575,0.5636385174883375,47.4575,-0.9448663220526237,0.0,0.6005752715500886,0.2887886496648944,0.36826115045561963,0.5775772993297889,0.5775772993297832,0.5775772993297889,0.5766810216858846,0.5766858344065637,0.577565321216761,0.5771541357884963,0.5771628684623036,0.5772372239498235,46.89386148251167,1.508504839540961,0.5636385174883375,0.03693675406175112,0.27484986782344306,0.19537736703271785,0.013938781841451364,0.013938781841445702,0.013938781841451364,0.013042504197547156,0.013047316918226248,0.013926803728423476,0.013515618300158794,0.013524350973966093,0.013598706461485977
59.9349,99.2995,-0.1624247070274875,99.2995,0.3328567031214258,0.0,0.8342798610318899,-0.08062010828711302,-0.6752273285429108,-0.16124021657422605,-0.16124021657422605,-0.16124021657422605,-0.16099000590704532,-0.1609913494572948,-0.16123973692783822,-0.16128902978514426,-0.16128854311062527,-0.16127944531118046,99.46192470702748,0.4952814101489133,0.1624247070274875,0.9967045680593773,0.08180459874037449,0.5128026215154233,0.0011844904532614664,0.0011844904532614664,0.0011844904532614664,0.0014347011204421944,0.0014333575701927226,0.0011849700996492962,0.0011356772423432582,0.0011361639168622484,0.00114526171630705
44.702,98.6381,-0.4003306745440119,98.6381,-0.31652946326144543,0.0,-0.9219796775864634,-0.20864395463875457,-0.8541654157448486,-0.41728790927750914,-0.4172879092775037,-0.41728790927750914,-0.4166403668193985,-0.4166438439126852,-0.417278591804956,-0.41739061680755757,-0.41738958600176546,-0.4173704501840271,99.038430674544,0.08380121128256646,0.4003306745440119,0.5216490030424514,0.19168671990525732,0.4538347412008367,0.01695723473349725,0.01695723473349181,0.01695723473349725,0.01630969227538659,0.01631316936867333,0.016947917260944134,0.01705994226354568,0.017058911457753567,0.017039775640015187
96.301,35.7059,-0.7151429243951667,35.7059,-0.4099648425343183,0.0,0.05997254032194319,-0.3631767582497876,-0.7949977826996899,-0.7263535164995752,-0.7263535164995752,-0.7263535164995752,-0.7252263696758251,-0.7252324220892306,-0.7261299747384029,-0.7256954182854818,-0.7257133472346179,-0.725824635869819,36.42104292439517,0.3051780818608484,0.7151429243951667,0.7751154647171099,0.35196616614537907,0.07985485830452321,0.011210592104408557,0.011210592104408557,0.011210592104408557,0.01008344528065841,0.010089497694063865,0.010987050343236215,0.010552493890315096,0.010570422839451199,0.010681711474652356
59.7499,10.5796,0.0583038598676481,10.5796,-0.404081325334262,0.0,0.9371817229107754,0.024084957443796816,0.15101750638289782,0.04816991488759363,0.04816991488759359,0.04816991488759363,0.048095165381557614,0.04809556676219664,0.04816915041759669,0.05166059521676154,0.05135914436101796,0.05097520013412938,10.521296140132351,0.4623851852019101,0.0583038598676481,0.8788778630431273,0.03421890242385128,0.09271364651524971,0.010133944980054467,0.010133944980054509,0.010133944980054467,0.010208694486090485,0.01020829310545146,0.010134709450051411,0.006643264650886556,0.006944715506630138,0.007328659733518719
56.9467,4.1714,-0.3923233022156072,4.1714,-0.5149839971428717,0.0,-0.9897990750073665,-0.19961045374081274,-0.7082259188856618,-0.3992209074816255,-0.39922090748162664,-0.3992209074816255,-0.39860140118390547,-0.39860472773209077,-0.39749869709308855,-0.3922373867392943,-0.3935877987635696,-0.3936086010370522,4.563723302215608,0.1226606949272645,0.3923233022156072,0.5974757727917593,0.19271284847479445,0.3159026166700546,0.006897605266018292,0.0068976052660194576,0.006897605266018292,0.006278098968298285,0.006281425516483585,0.005175394877481365,8.591547631287e-05,0.0012644965479624015,0.0012852988214450134
53.3981,20.3421,0.0089318120687877,20.3421,0.07817241095779916,0.0,-0.9961981054020115,0.0007015966482246609,0.11467439006495193,0.0014031932964493217,0.0014031932964492233,0.0014031932964493217,0.0014010158376344703,0.0014010275298831137,0.001403193159876612,0.0029257490467003502,0.0028544085623875073,0.002626795225138462,20.33316818793121,0.06924059888901146,0.0089318120687877,1.0051299174707993,0.00823021542056304,0.10574257799616424,0.007528618772338378,0.007528618772338477,0.007528618772338378,0.0075307962311532296,0.007530784538904586,0.007528618908911088,0.00600606302208735,0.006077403506400193,0.006305016843649238
25.8635,61.6445,0.4888330870921299,61.6445,0.37411589342804674,0.0,-0.44089385270704834,0.24969798892252004,0.9675264136178853,0.4993959778450401,0.49939597784503814,0.4993959778450401,0.4986210210541178,0.49862518232110736,0.4993667066869579,0.4994707396539918,0.49946954622425616,0.49945606017280214,61.15566691290787,0.11471719366408317,0.4888330870921299,0.9297269397991783,0.23913509816960987,0.47869332652575536,0.01056289075291017,0.010562890752908227,0.01056289075291017,0.009787933961987905,0.009792095228977449,0.010533619594827959,0.010637652561861888,0.010636459132126241,0.010622973080672227
22.3805,42.9176,-0.3846678258572839,42.9176,0.4847691191136171,0.0,0.625167189588334,-0.1840127644414197,-0.7274239943533468,-0.3680255288828394,-0.3680255288828421,-0.3680255288828394,-0.3674544312058593,-0.3674574978154288,-0.3680111342606738,-0.36770844471092723,-0.36771566469043504,-0.3677707041880849,43.302267825857285,0.869436944970901,0.3846678258572839,1.009835015445618,0.20065506141586417,0.34275616849606294,0.01664229697444447,0.01664229697444175,0.01664229697444447,0.017213394651424574,0.017210328041855072,0.016656691596610096,0.016959381146356645,0.016952161166848834,0.01689712166919899
47.8278,71.6204,1.0372068418991824,71.6204,-0.804340865801434,0.0,0.06762750836567974,0.5205721734092034,0.7823484213034673,1.0411443468184067,1.0411443468184138,1.0411443468184067,1.0395287112953115,1.0395373867348305,1.0411018373043228,1.0410002639763951,1.0410022480310481,1.0410285546424312,70.58319315810083,1.8415477077006166,1.0372068418991824,0.9695793335335027,0.5166346684899791,0.2548584205957152,0.003937504919224288,0.003937504919231394,0.003937504919224288,0.002321869396129106,0.0023305448356480962,0.003894995405140378,0.0037934220772126714,0.003795406131865686,0.0038217127432487175
28.4957,98.284,0.2676374631856218,98.284,-0.6258092146766908,0.0,0.8983478174747864,0.1374043044104678,0.3661217901922512,0.2748086088209356,0.2748086088209357,0.2748086088209356,0.27438216406155114,0.27438445393180055,0.2748079230938889,0.2747263691494926,0.27472719747703234,0.27474251690898055,98.01636253681438,0.8934466778623127,0.2676374631856218,0.6307103542891646,0.130233158775154,0.0984843270066294,0.0071711456353137915,0.0071711456353139025,0.0071711456353137915,0.0067447008759293214,0.006746990746178738,0.0071704599082670906,0.007088905963870795,0.007089734291410521,0.007105053723358734
13.0331,83.1668,0.0791579002751792,83.1668,0.08530153260960298,0.0,0.9281726986751835,0.03838295083749538,-0.8424182744123664,0.07676590167499076,0.07676590167499164,0.07676590167499076,0.07664677725378292,0.07664741691334515,0.0767647781043862,0.07683526586759631,0.07683444173988169,0.0768216462083791,83.08764209972482,0.006143632334423776,0.0791579002751792,0.8490147984000043,0.040774949437683825,0.9215761746875456,0.002391998600188447,0.0023919986001875587,0.002391998600188447,0.0025111230213962776,0.0025104833618340566,0.0023931221707930023,0.002322634407582888,0.002323458535297515,0.002336254066800103
95.7103,8.3922,-1.0159988861489169,8.3922,-0.5126070535445598,0.0,-0.4168184739771746,-0.5096051680106853,-0.8977314462893324,-1.0192103360213707,-1.0192103360213738,-1.0192103360213707,-1.0176287374376451,-1.0176372301098229,-1.0120674661481248,-1.0156038652652193,-1.015987850993396,-1.0163119957981928,9.408198886148918,0.503391832604357,1.0159988861489169,0.5991804121717423,0.5063937181382315,0.11826743985958443,0.0032114498724538088,0.0032114498724569174,0.0032114498724538088,0.001629851288728279,0.001638343960906008,0.003931420000792052,0.00039502088369758326,1.1035155520922046e-05,0.0003131096492758889
